player_id,entropy
018B0D8D-B5EC-09D6-90ED-550058EBFEAF,0.6739927880119384
06F9F8CE-9696-23CA-25B5-000AA4A793BA,0.9140286285315805
0A221ADF-C99E-307E-7B65-92EF9DABA6C4,0.663743881065206
0A76B59A-F1FF-F3F5-A3CA-2386FA8EF308,0.701871939896767
0AD33010-1AC1-E9FB-2FD4-313E3DF4692D,0.9518979784466218
0B5863F1-A482-C95D-EA42-9183B5BDFA12,0.8397821221200048
0D759376-3F10-1BEB-7205-E91B8BF17984,0.8626016510258044
0F3B2D98-51FE-5265-3746-A0763DE31C98,0.9157754454889417
14027B3A-0AD6-CBA3-A600-42B3C0A4D933,0.6064727741416686
165B40B2-D9B2-DBC0-AE48-02C0F49A609F,0.6741516316707007
172A62AD-9B69-33E2-1551-9526879D80AC,0.43963598732334097
1AE03BA6-E346-DEB8-4865-276ECC5CD9B1,0.9901721802901295
1F6A56CA-9C73-442F-2682-BB69E4B03AB2,0.8951709964309665
243FE25F-E451-21F6-7EFA-F9DACC7D31CA,0.7753392268921148
2656C6B4-988A-A958-5107-5422027AEE1D,0.6669750018358996
2C636222-CB43-AB6F-444A-7278047991C7,0.5846237415384327
35FEE4B0-EF25-110F-8D86-5410FA57646B,0.5839737742394772
37249306-1597-DC6D-3544-6FEDBBF8B848,0.872560036829321
3C54E0F5-9C12-3137-9EC1-39645770F53A,0.9090998297742677
3FC0B5B3-AC42-BF96-D8EE-10E81EAAACF6,0.6983731784469003
4690C2DC-C0B5-6C1B-880A-D31C46C8A565,0.6678382744457141
46A9A47E-EDE3-2EF4-2F06-E95AF67D57E1,0.5637805949652543
47494449-E68E-E554-8BB1-ECEEE432E269,0.5118595071429148
48847236-6E23-6E61-57CD-780C68FAA2C2,0.6212872430489308
48D32E40-ABB9-E3FB-185C-8A5AA0C44CBF,0.8481509874194975
4B423110-8A54-A87F-39BB-D68BF033C7FC,0.6099892313305174
4BD5749B-A1D2-E6C9-156F-DF107802D3BE,0.986205069139466
4BFAECAC-0CC2-F9AC-17BB-7343BE737D81,0.4511384748914383
4CAE9D77-C8A8-2EE8-53D0-7C3C6331B2C5,0.8265935096631027
5270C847-54C3-180E-9737-1D87A639C450,0.5895717634693378
5690E95B-9747-B2B5-2EE1-16A72200D5CC,0.7431664628528221
58CB3C5E-2F5C-31FE-83E8-C6772D99B8D5,0.8800230755460733
5CD23052-9069-615B-22B2-CB8E9A2413C9,0.89847437464244
5E491E0A-C580-29BE-4329-ED7BFF843D0D,0.7923982476675359
5F222604-CB86-1ABA-EB7B-31FF78B7BE93,0.42083283383575604
62A1F053-1EA8-7433-090E-89D450314F41,0.7784438807393267
647C581E-E72F-0765-F94A-065909B99374,0.5544985319486919
64A0EC69-0CE2-8405-0FFC-D63A7F55E703,0.7847761722879123
66E9719B-D383-AA87-7FAB-D9B4ABE7011C,0.6306304968343832
68339CF4-6AFB-7EFB-40EA-238612F8E5A4,0.6031167110177854
6B1E25A6-882B-DDD7-CE4F-4EC17A0906CF,0.9623447426386506
6B690AF9-8440-1C43-B353-FA85266AA12C,0.7830137690396204
6C9454F6-2AA4-4C25-0387-C6CA7AFC4C13,0.7121933590287832
6E42D32E-048C-D829-197E-7950E78F58CB,0.7871896731483634
70432028-81AF-D67A-251E-D2F807AB93CF,0.6026753612136883
718078D1-70DB-2916-366D-1119A22DCD7F,0.9846526455719596
72B642AD-2D4A-574F-05EC-EC93C0C52335,0.5340493715986466
7417E7AB-C723-0958-F8EE-DDA4DED65165,0.772523446517955
761D024F-3C62-5326-601A-88D436C7726A,0.9923713765701061
772BA0E9-AC30-CEA6-AA1B-18A0300702AA,0.8841078941506503
77F6B31E-B228-3C6D-A66F-E7E6FDED3587,0.8800230755460733
7B8B31F4-FFC3-7A4E-3EAF-78D5CA8ACB61,0.9957496622108357
7DC9729F-BA27-3831-6078-F8508766396A,0.6132269700334415
7FB7C50A-30EA-A991-0C04-7FFA681B8803,0.6947840058973287
8407F9C4-C295-8C95-C281-584AF2118F84,0.379659501612059
85748DC9-A6DA-334D-6422-BF69EE06A98C,0.8946999987361978
862DB2BA-55C9-5794-03BC-FBBA3BEE80C7,0.6303884814544826
8690E8B6-9B41-5F0E-C518-8F2D028C6690,0.6300983227799236
874A6B13-C999-C802-1138-FA198591D897,0.7021247114347534
8DD09016-F898-915E-4A5C-727F57619D73,0.6594235877715479
9268F759-54B0-96CC-C0F5-9D8DBAA12073,0.6371700709475685
96B78431-4166-E4D3-2AA2-15BE2512E1D6,0.8627265958990701
99827717-1B21-7ECC-CAD1-99489F7E19EA,0.9373847391919027
99C0C5AE-01AD-1BB2-A36B-74B166CB26BA,0.738628777787784
9A80CFF4-085D-6435-BA08-18E6496A8381,0.6188742316215785
9C694EBE-9421-F45A-ED92-F521991A6A52,0.860940492304463
9E6EBCE2-44FB-8F07-4135-E91140B34096,0.7095755943952383
A135AF2A-692D-9C83-AB54-34F977E4D14D,0.5522799874656401
A43E8D46-F136-DB41-3E16-F9F161DBA1D6,0.9694143873673716
AB9921A8-F143-E101-6A47-E66882F571B2,0.9619231287480956
B06410CC-D778-33B2-B1FD-A828EE4AF413,0.8809666241570865
B17DF37B-207D-A052-4D45-F862B3BF4C4C,0.9986179284818979
B2EE7EC5-4E5B-EBDD-E0EB-AF758B95C36A,0.9900410439021269
B3CE5256-6F65-85EB-0078-689BD5CC1B17,0.6568517934343953
B6EE5F90-8F59-D3CF-C449-59216B28207B,0.7574438748828847
B9FD0C60-33D3-E99E-2475-815EAD5C89C2,0.9297255525981367
BAAA2876-D490-2AB5-0A98-6EB94C7FC331,0.7990449745539426
BC7EE230-0AF9-3AC5-24E5-8EC4B0B432A8,0.6838821398936199
BD35F47E-4F73-8664-B165-98D2BF2CDA48,0.6080501045869329
C0ABDBF6-67EF-EA64-A2D1-42FA92BD5713,0.7061247995208746
C24A665A-6B67-FDEA-04A4-C2DA3AF79D51,0.8856123885125516
C5DC661F-E2D6-2B65-4765-77C8B81D2488,0.550610190154848
C8BB6C15-19FA-A17A-5945-6202803016D7,0.9047319011224818
CCA3ABC5-DCCE-0BBE-5327-E65AE52A195D,0.6252993742043006
CD5833CD-93D3-318C-371A-18A32DEFC38B,0.7553110315633568
D51A5648-0039-8CB1-45CB-C51E5ABA8BCC,0.707005206322816
D57F474B-B38C-E9AF-73CC-2CF16EED3827,0.9030135748726881
D6D11A63-A131-4E74-041D-6E3BD8EFF8FF,0.6282340759682774
D8D27F81-4F83-E10A-448A-735447867552,0.9974338393221707
DA2856BC-D181-9AF0-DC9A-99A9444D5579,0.671953519787958
DBA0C8C4-AE05-772F-2E53-E6167F8ACB77,0.6308965060621683
DC0BE0E2-B41E-3D73-47C5-5733952512CB,0.6398064225917235
DCB45A10-FAF5-53E0-AB53-2D42AC9BB090,0.9139315644361783
DD956DE9-DEFB-C0C6-82B4-C639A17D6782,0.6701983979640451
DE775A65-68D5-C477-E2F7-BCC1AEF0B850,0.9458960767970931
DF62EF03-DA30-E70A-CA31-03A029C9610A,0.9410331773148003
E3489F9E-39E2-47B9-24EF-BAACE1438D00,0.951286178907957
E49C1269-8AB7-8C8F-FC88-AA92C2F1E260,0.7220663368701499
E5CCE6B3-2C6E-BE96-602F-3852C8614777,0.7446857961988764
E5F96AC5-AE7E-C4E8-8288-FB2674F43704,0.7767551108350714
EA788550-E907-E4AC-EAE4-82CC26723E3B,0.31932945640984894
EC6E2525-212C-1C3A-0B73-74D1B45748E1,0.7440003975535988
EE62AFCD-B47D-E676-0257-21F92CB612D8,0.7626077898769331
F1430977-52AF-4F46-BF92-0A8D736CBD2B,0.73378518171258
F752B62E-E95F-A65D-4CB2-8B0252E15F08,0.7433077924080999
FB70D507-2F2A-0F83-3B53-75EB8452F5E0,0.9938723679485094
FC50071B-D2BA-C98B-AC6E-7339010D56DA,0.42921451642394387
FC66D29E-8CD8-AE29-A071-33549272C1EE,0.6269009063293179
FFAB0F54-EFF2-FA1A-1892-F9D8ED3C9B31,0.6980372336291429
